<?xml version="1.0" encoding="UTF-8"?>
<project-private xmlns="http://www.netbeans.org/ns/project-private/1">
    <editor-bookmarks xmlns="http://www.netbeans.org/ns/editor-bookmarks/2" lastBookmarkId="0"/>
    <open-files xmlns="http://www.netbeans.org/ns/projectui-open-files/2">
        <group>
            <file>file:/D:/Curso%2018-19/PROGRAMACION/ApuntesProgramación/Ejercicios/TemaOchoJFrames/practicaTresNueva/t8p3e2v4/src/GUI/Ventana.java</file>
            <file>file:/D:/Curso%2018-19/PROGRAMACION/ApuntesProgramación/Ejercicios/TemaOchoJFrames/practicaTresNueva/t8p3e2v4/src/t8p3e2/Main.java</file>
            <file>file:/D:/Curso%2018-19/PROGRAMACION/ApuntesProgramación/Ejercicios/TemaOchoJFrames/practicaTresNueva/t8p3e2v4/src/UML/Hijo.java</file>
        </group>
    </open-files>
</project-private>
